timestamp,user_id,lesson_id,phrase_id,step,similarity,response_time_ms,attempts,success,mode
2026-04-29T10:51:23.616547,student1,1,0,1,0.8848,2965,1,1,lesson
2026-04-29T10:52:54.352701,student1,1,1,3,1.0,3,1,1,lesson
2026-04-29T10:52:57.773649,student1,1,2,3,1.0,6,1,1,lesson
2026-04-29T10:53:01.054598,student1,1,3,3,1.0,3,1,1,lesson
2026-04-29T10:53:08.047794,student1,1,4,3,1.0,0,1,1,lesson
2026-04-29T10:53:11.935557,student1,1,5,3,1.0,4,1,1,lesson
2026-04-29T10:53:14.799956,student1,1,6,3,1.0,0,1,1,lesson
2026-04-29T10:53:18.318186,student1,1,7,3,1.0,5,1,1,lesson
2026-04-29T10:53:20.799414,student1,1,8,3,1.0,10,1,1,lesson
2026-04-29T10:53:40.831570,student1,1,0,4,0.8899,799,1,1,lesson
2026-04-29T10:54:11.722152,student1,1,0,6,0.9589,864,1,1,lesson
2026-04-29T10:54:32.408918,student1,1,0,7,0.8692,858,1,1,lesson
2026-04-30T19:17:09.155553,student1,en-es,7,0,1,0.8885,7053,1,1,lesson
2026-04-30T19:17:30.239774,student1,en-es,7,49,3,1.0,5,1,1,lesson
2026-04-30T19:17:44.351919,student1,en-es,7,50,3,1.0,0,1,1,lesson
2026-04-30T19:17:49.188823,student1,en-es,7,51,3,1.0,3,1,1,lesson
2026-04-30T19:17:55.101536,student1,en-es,7,52,3,1.0,5,1,1,lesson
2026-04-30T19:18:02.471704,student1,en-es,7,53,3,1.0,6,1,1,lesson
2026-04-30T19:18:06.671672,student1,en-es,7,54,3,1.0,4,1,1,lesson
2026-04-30T19:18:11.979926,student1,en-es,7,55,3,1.0,7,1,1,lesson
2026-04-30T19:18:16.603033,student1,en-es,7,56,3,1.0,3,1,1,lesson
2026-04-30T19:18:47.571802,student1,en-es,7,0,4,0.8654,1241,1,1,lesson
2026-04-30T19:19:57.648385,student1,en-es,7,0,6,0.8741,1769,1,1,lesson
2026-04-30T19:20:55.984428,student1,en-es,7,0,7,0.8827,1533,1,1,lesson
2026-05-02T11:25:17.040197,student1,uk-es,22,0,1,0.9279,8111,1,1,lesson
2026-05-02T11:25:35.441647,student1,uk-es,22,169,3,1.0,5,1,1,lesson
2026-05-02T11:25:39.612229,student1,uk-es,22,170,3,1.0,3,1,1,lesson
2026-05-02T11:25:46.496189,student1,uk-es,22,171,3,1.0,0,1,1,lesson
2026-05-02T11:25:52.709348,student1,uk-es,22,172,3,1.0,3,1,1,lesson
2026-05-02T11:25:58.646419,student1,uk-es,22,173,3,1.0,0,1,1,lesson
2026-05-02T11:26:05.636285,student1,uk-es,22,174,3,1.0,5,1,1,lesson
2026-05-02T11:26:11.844899,student1,uk-es,22,175,3,1.0,2,1,1,lesson
2026-05-02T11:26:16.776361,student1,uk-es,22,176,3,1.0,0,1,1,lesson
2026-05-02T11:27:09.221558,student1,uk-es,22,0,7,0.9546,1640,1,1,lesson
2026-05-02T15:56:02.292598,student1,uk-es,23,177,3,1.0,9,1,1,lesson
2026-05-02T15:56:10.058989,student1,uk-es,23,178,3,1.0,4,1,1,lesson
2026-05-02T15:56:18.560762,student1,uk-es,23,179,3,1.0,5,1,1,lesson
2026-05-02T15:56:26.150855,student1,uk-es,23,180,3,1.0,0,1,1,lesson
2026-05-02T15:56:33.740616,student1,uk-es,23,181,3,1.0,0,1,1,lesson
2026-05-02T15:56:43.391307,student1,uk-es,23,182,3,1.0,4,1,1,lesson
2026-05-02T15:56:48.948666,student1,uk-es,23,183,3,1.0,7,1,1,lesson
2026-05-02T15:56:54.006724,student1,uk-es,23,184,3,1.0,2,1,1,lesson
2026-05-02T15:59:47.525951,student1,uk-es,23,0,6,0.9091,3871,1,1,lesson
2026-05-02T16:00:42.026215,student1,uk-es,23,0,7,0.8987,1559,1,1,lesson
2026-05-02T16:32:45.031958,student1,uk-es,23,177,3,1.0,6,1,1,lesson
2026-05-02T16:32:53.816921,student1,uk-es,23,178,3,1.0,4,1,1,lesson
2026-05-02T16:33:00.244770,student1,uk-es,23,179,3,1.0,4,1,1,lesson
2026-05-02T16:33:06.351695,student1,uk-es,23,180,3,1.0,0,1,1,lesson
2026-05-02T16:33:10.906507,student1,uk-es,23,181,3,1.0,5,1,1,lesson
2026-05-02T16:33:15.910331,student1,uk-es,23,182,3,1.0,4,1,1,lesson
2026-05-02T16:33:23.802434,student1,uk-es,23,183,3,1.0,3,1,1,lesson
2026-05-02T16:33:28.235571,student1,uk-es,23,184,3,1.0,10,1,1,lesson
2026-05-02T16:34:27.551926,student1,uk-es,23,0,7,0.8786,3791,1,1,lesson
2026-05-02T16:35:46.860726,student1,uk-es,23,0,8,0.5,18291,1,0,lesson
2026-05-02T16:35:47.168345,student1,uk-es,23,0,8,0.3939,18598,1,0,lesson
2026-05-02T16:35:47.661834,student1,uk-es,23,0,8,0.6885,19092,1,0,lesson
2026-05-02T16:46:28.791385,student1,uk-es,23,0,8,0.5,15,1,0,lesson
2026-05-02T16:46:29.926302,student1,uk-es,23,0,8,0.3939,1150,1,0,lesson
2026-05-02T16:46:30.662495,student1,uk-es,23,0,8,0.6885,1886,1,0,lesson
2026-05-02T16:47:28.085970,student1,uk-es,24,185,3,1.0,9,1,1,lesson
2026-05-02T16:47:38.230688,student1,uk-es,24,186,3,1.0,2,1,1,lesson
2026-05-02T16:47:47.043762,student1,uk-es,24,187,3,1.0,7,1,1,lesson
2026-05-02T16:47:53.475924,student1,uk-es,24,188,3,1.0,0,1,1,lesson
2026-05-02T16:48:02.712054,student1,uk-es,24,189,3,1.0,1,1,1,lesson
2026-05-02T16:48:09.327640,student1,uk-es,24,190,3,1.0,3,1,1,lesson
2026-05-02T16:48:17.243880,student1,uk-es,24,191,3,1.0,4,1,1,lesson
2026-05-02T16:48:22.315965,student1,uk-es,24,192,3,1.0,0,1,1,lesson
2026-05-02T16:49:03.954807,student1,uk-es,24,0,7,0.7355,1970,1,0,lesson
2026-05-02T16:49:43.107686,student1,uk-es,24,0,8,0.1644,5563,1,0,lesson
2026-05-02T16:50:00.124248,student1,uk-es,24,0,8,0.1644,0,1,0,lesson
2026-05-06T11:24:24.885946,student1,uk-es,28,0,1,0.7181,17100,1,0,lesson
2026-05-06T11:24:44.031061,student1,uk-es,28,217,3,1.0,0,1,1,lesson
2026-05-06T11:24:48.295331,student1,uk-es,28,218,3,1.0,0,1,1,lesson
2026-05-06T11:24:55.935496,student1,uk-es,28,219,3,1.0,0,1,1,lesson
2026-05-06T11:25:02.190003,student1,uk-es,28,220,3,1.0,0,1,1,lesson
2026-05-06T11:25:06.939769,student1,uk-es,28,221,3,1.0,0,1,1,lesson
2026-05-06T11:25:10.656722,student1,uk-es,28,222,3,1.0,0,1,1,lesson
2026-05-06T11:25:13.855661,student1,uk-es,28,223,3,1.0,0,1,1,lesson
2026-05-06T11:25:17.398073,student1,uk-es,28,224,3,1.0,0,1,1,lesson
2026-05-06T11:25:59.133410,student1,uk-es,28,0,4,0.7879,18960,1,0,lesson
2026-05-06T11:26:58.164900,student1,uk-es,28,0,7,0.911,19440,1,1,lesson
2026-05-06T11:27:51.263920,student1,uk-es,28,0,8,0.2532,14280,1,0,lesson
2026-05-06T11:28:10.017253,student1,uk-es,28,0,8,0.2532,14280,1,0,lesson
2026-05-06T11:48:31.617020,student1,uk-es,29,225,3,1.0,2,1,1,lesson
2026-05-06T11:48:36.474205,student1,uk-es,29,226,3,1.0,3,1,1,lesson
2026-05-06T11:48:40.814723,student1,uk-es,29,227,3,1.0,4,1,1,lesson
2026-05-06T11:48:47.159719,student1,uk-es,29,228,3,1.0,5,1,1,lesson
2026-05-06T11:48:52.662378,student1,uk-es,29,229,3,1.0,4,1,1,lesson
2026-05-06T11:48:57.966213,student1,uk-es,29,230,3,1.0,3,1,1,lesson
2026-05-06T11:49:05.597181,student1,uk-es,29,231,3,1.0,4,1,1,lesson
2026-05-06T11:49:08.846294,student1,uk-es,29,232,3,1.0,8,1,1,lesson
2026-05-06T11:50:46.635984,student1,uk-es,29,0,7,0.6617,21720,1,0,lesson
2026-05-06T11:51:53.241942,student1,uk-es,29,0,8,0.1972,5118,1,0,lesson
2026-05-06T11:52:06.141208,student1,uk-es,29,0,8,0.1972,11,1,0,lesson
2026-05-08T05:20:28.922550,student1,uk-en,1,1,3,1.0,10,1,1,lesson
2026-05-08T05:20:34.801213,student1,uk-en,1,2,3,1.0,9,1,1,lesson
2026-05-08T05:20:43.106493,student1,uk-en,1,3,3,1.0,5,1,1,lesson
2026-05-08T05:20:46.604345,student1,uk-en,1,4,3,1.0,3,1,1,lesson
2026-05-08T05:20:54.109339,student1,uk-en,1,5,3,1.0,5,1,1,lesson
2026-05-08T05:20:58.340433,student1,uk-en,1,6,3,1.0,9,1,1,lesson
2026-05-08T05:21:02.214203,student1,uk-en,1,7,3,1.0,4,1,1,lesson
2026-05-08T05:21:07.509458,student1,uk-en,1,8,3,1.0,3,1,1,lesson
2026-05-08T05:21:53.462317,student1,uk-en,1,0,7,0.8876,9960,1,1,lesson
2026-05-08T05:22:39.136219,student1,uk-en,1,0,8,1.0,15763,1,1,lesson
2026-05-08T05:24:13.997837,student1,uk-en,1,0,8,1.0,249,1,1,lesson
2026-05-08T05:25:24.329818,student1,uk-en,1,0,8,1.0,281,1,1,lesson
2026-05-10T08:18:12.813200,student1,uk-en,2,9,3,0.6897,8,1,0,lesson
2026-05-10T08:18:24.070003,student1,uk-en,2,10,3,1.0,2,1,1,lesson
2026-05-10T08:18:34.335263,student1,uk-en,2,11,3,1.0,3,1,1,lesson
2026-05-10T08:18:38.925100,student1,uk-en,2,12,3,1.0,5,1,1,lesson
2026-05-10T08:18:42.743076,student1,uk-en,2,13,3,1.0,5,1,1,lesson
2026-05-10T08:18:48.701443,student1,uk-en,2,14,3,1.0,2,1,1,lesson
2026-05-10T08:18:57.269785,student1,uk-en,2,15,3,1.0,2,1,1,lesson
2026-05-10T08:19:05.773007,student1,uk-en,2,16,3,1.0,3,1,1,lesson
2026-05-10T08:19:42.401741,student1,uk-en,2,0,7,0.9717,9600,1,1,lesson
2026-05-10T08:20:31.480323,student1,uk-en,2,0,8,1.0,16295,1,1,lesson
2026-05-10T16:32:26.361704,student1,uk-en,3,17,3,1.0,4,1,1,lesson
2026-05-10T16:32:33.971752,student1,uk-en,3,18,3,1.0,5,1,1,lesson
2026-05-10T16:32:39.139585,student1,uk-en,3,19,3,1.0,3,1,1,lesson
2026-05-10T16:32:41.090836,student1,uk-en,3,20,3,0.8421,3,1,1,lesson
2026-05-10T16:32:44.790195,student1,uk-en,3,21,3,1.0,2,1,1,lesson
2026-05-10T16:32:52.267026,student1,uk-en,3,22,3,1.0,4,1,1,lesson
2026-05-10T16:32:59.114723,student1,uk-en,3,23,3,1.0,5,1,1,lesson
2026-05-10T16:33:05.806435,student1,uk-en,3,24,3,1.0,4,1,1,lesson
2026-05-10T16:34:25.826164,student1,uk-en,3,0,8,1.0,19952,1,1,lesson
2026-05-10T16:37:52.027061,student1,es-en,1,1,3,1.0,5,1,1,lesson
2026-05-10T16:37:58.311251,student1,es-en,1,2,3,0.7586,5,1,0,lesson
2026-05-10T16:38:02.648267,student1,es-en,1,3,3,0.6452,4,1,0,lesson
2026-05-10T16:38:07.163192,student1,es-en,1,4,3,1.0,3,1,1,lesson
2026-05-10T16:38:12.302758,student1,es-en,1,5,3,1.0,5,1,1,lesson
2026-05-10T16:38:15.398019,student1,es-en,1,6,3,1.0,3,1,1,lesson
2026-05-10T16:38:24.369138,student1,es-en,1,7,3,1.0,4,1,1,lesson
2026-05-10T16:38:28.180881,student1,es-en,1,8,3,1.0,6,1,1,lesson
2026-05-10T16:39:14.405875,student1,es-en,1,0,8,1.0,6332,1,1,lesson
2026-05-10T16:39:48.337451,student1,es-en,1,0,8,1.0,1055,1,1,lesson
2026-05-10T16:40:24.612523,student1,es-en,1,0,8,1.0,874,1,1,lesson
2026-05-10T17:16:43.449019,student1,uk-en,3,17,3,1.0,3,1,1,lesson
2026-05-10T17:16:54.217416,student1,uk-en,3,18,3,1.0,4,1,1,lesson
2026-05-10T17:16:59.842764,student1,uk-en,3,19,3,1.0,4,1,1,lesson
2026-05-10T17:17:05.914055,student1,uk-en,3,20,3,1.0,3,1,1,lesson
2026-05-10T17:17:10.362470,student1,uk-en,3,21,3,1.0,2,1,1,lesson
2026-05-10T17:17:14.828613,student1,uk-en,3,22,3,1.0,3,1,1,lesson
2026-05-10T17:17:19.869188,student1,uk-en,3,23,3,1.0,5,1,1,lesson
2026-05-10T17:17:29.311049,student1,uk-en,3,24,3,1.0,3,1,1,lesson
2026-05-10T17:20:07.603391,student1,uk-en,3,17,3,1.0,5,1,1,lesson
2026-05-10T17:20:15.067188,student1,uk-en,3,18,3,1.0,3,1,1,lesson
2026-05-10T17:20:20.334814,student1,uk-en,3,19,3,1.0,5,1,1,lesson
2026-05-10T17:20:25.133777,student1,uk-en,3,20,3,1.0,3,1,1,lesson
2026-05-10T17:20:29.467788,student1,uk-en,3,21,3,1.0,5,1,1,lesson
2026-05-10T17:20:33.550540,student1,uk-en,3,22,3,1.0,3,1,1,lesson
2026-05-10T17:20:36.761798,student1,uk-en,3,23,3,1.0,4,1,1,lesson
2026-05-10T17:20:42.638462,student1,uk-en,3,24,3,1.0,4,1,1,lesson
2026-05-10T17:21:30.370717,student1,uk-en,3,0,8,1.0,2325,1,1,lesson
2026-05-13T16:09:23.520400,student1,uk-es,30,0,1,0.4602,13500,1,0,lesson
2026-05-13T16:09:50.524760,student1,uk-es,30,232,3,1.0,5,1,1,lesson
2026-05-13T16:09:54.970753,student1,uk-es,30,233,3,1.0,0,1,1,lesson
2026-05-13T16:10:00.801538,student1,uk-es,30,234,3,1.0,10,1,1,lesson
2026-05-13T16:10:04.318440,student1,uk-es,30,235,3,1.0,3,1,1,lesson
2026-05-13T16:10:07.950296,student1,uk-es,30,236,3,1.0,0,1,1,lesson
2026-05-13T16:10:13.990660,student1,uk-es,30,237,3,1.0,0,1,1,lesson
2026-05-13T16:10:18.340579,student1,uk-es,30,238,3,1.0,0,1,1,lesson
2026-05-13T16:10:23.187850,student1,uk-es,30,239,3,1.0,5,1,1,lesson
2026-05-13T16:10:49.596623,student1,uk-es,30,0,4,0.7335,14340,1,0,lesson
2026-05-13T16:11:22.047537,student1,uk-es,30,0,6,0.9167,17760,1,1,lesson
2026-05-13T16:12:08.987929,student1,uk-es,30,0,7,0.3529,19560,1,0,lesson
2026-05-13T16:13:16.999441,student1,uk-en,5,33,3,1.0,0,1,1,lesson
2026-05-13T16:13:24.693490,student1,uk-en,5,34,3,1.0,10,1,1,lesson
2026-05-13T16:13:38.338004,student1,uk-en,5,35,3,0.8966,4,1,1,lesson
2026-05-13T16:13:44.045788,student1,uk-en,5,36,3,1.0,0,1,1,lesson
2026-05-13T16:13:48.585584,student1,uk-en,5,37,3,1.0,9,1,1,lesson
2026-05-13T16:13:56.083722,student1,uk-en,5,38,3,1.0,4,1,1,lesson
2026-05-13T16:13:59.030561,student1,uk-en,5,39,3,1.0,5,1,1,lesson
2026-05-13T16:14:03.673302,student1,uk-en,5,40,3,1.0,7,1,1,lesson
2026-05-13T16:14:28.472536,student1,uk-en,5,0,7,0.8986,12720,1,1,lesson
2026-05-13T16:14:54.899347,student1,uk-en,5,0,8,1.0,932,1,1,lesson
2026-05-13T16:15:18.218575,student1,uk-en,5,0,8,1.0,887,1,1,lesson
2026-05-13T16:15:59.526204,student1,uk-en,5,0,8,1.0,715,1,1,lesson
2026-05-13T16:16:15.657367,student1,uk-en,5,0,8,1.0,449,1,1,lesson
2026-05-13T16:16:35.840830,student1,uk-en,5,0,8,1.0,597,1,1,lesson
2026-05-13T16:16:54.403290,student1,uk-en,5,0,8,1.0,573,1,1,lesson
2026-05-13T16:17:13.467677,student1,uk-en,5,0,8,1.0,678,1,1,lesson
2026-05-13T18:05:59.352324,student1,uk-en,6,41,3,1.0,4,1,1,lesson
2026-05-13T18:06:03.362285,student1,uk-en,6,42,3,1.0,0,1,1,lesson
2026-05-13T18:06:08.660751,student1,uk-en,6,43,3,1.0,3,1,1,lesson
2026-05-13T18:06:16.629558,student1,uk-en,6,44,3,1.0,4,1,1,lesson
2026-05-13T18:06:23.710918,student1,uk-en,6,45,3,1.0,4,1,1,lesson
2026-05-13T18:06:27.061324,student1,uk-en,6,46,3,1.0,4,1,1,lesson
2026-05-13T18:06:32.424417,student1,uk-en,6,47,3,1.0,3,1,1,lesson
2026-05-13T18:06:39.495160,student1,uk-en,6,48,3,1.0,0,1,1,lesson
2026-05-13T18:06:55.276164,student1,uk-en,6,0,4,0.3734,4380,1,0,lesson
2026-05-13T18:07:28.425184,student1,uk-en,6,0,4,0.9101,19500,1,1,lesson
2026-05-13T18:08:11.030949,student1,uk-en,6,0,7,0.8789,15780,1,1,lesson
2026-05-13T18:08:46.309996,student1,uk-en,6,0,8,1.0,1056,1,1,lesson
2026-05-13T18:09:55.732645,student1,uk-en,6,0,8,1.0,533,1,1,lesson
2026-05-13T19:38:39.338627,student1,uk-en,10,0,1,0.3277,3600,1,0,lesson
2026-05-13T19:39:06.076806,student1,uk-en,10,73,3,0.5161,5,1,0,lesson
2026-05-13T19:39:08.490592,student1,uk-en,10,74,3,0.5,6,1,0,lesson
2026-05-13T19:39:10.135489,student1,uk-en,10,75,3,0.5185,4,1,0,lesson
2026-05-13T19:39:11.368721,student1,uk-en,10,76,3,0.4571,5,1,0,lesson
2026-05-13T19:39:12.965812,student1,uk-en,10,77,3,0.5128,4,1,0,lesson
2026-05-13T19:39:14.548602,student1,uk-en,10,78,3,0.5,2,1,0,lesson
2026-05-13T19:39:16.627815,student1,uk-en,10,79,3,0.4324,7,1,0,lesson
2026-05-13T19:39:18.229434,student1,uk-en,10,80,3,0.5455,8,1,0,lesson
2026-05-13T19:40:21.685770,student1,uk-en,10,0,7,0.3333,2580,1,0,lesson
2026-05-13T19:40:40.456044,student1,uk-en,10,0,8,1.0,777,1,1,lesson
2026-05-15T12:10:07.479026,student1,uk-es,32,0,1,0.4772,35580,1,0,lesson
2026-05-15T12:10:50.281512,student1,uk-es,32,248,3,1.0,6,1,1,lesson
2026-05-15T12:10:56.305859,student1,uk-es,32,249,3,1.0,5,1,1,lesson
2026-05-15T12:10:59.447662,student1,uk-es,32,250,3,1.0,0,1,1,lesson
2026-05-15T12:11:07.660967,student1,uk-es,32,251,3,1.0,5,1,1,lesson
2026-05-15T12:11:11.999110,student1,uk-es,32,252,3,1.0,6,1,1,lesson
2026-05-15T12:11:16.214673,student1,uk-es,32,253,3,1.0,8,1,1,lesson
2026-05-15T12:11:20.289834,student1,uk-es,32,254,3,1.0,5,1,1,lesson
2026-05-15T12:11:27.564969,student1,uk-es,32,255,3,1.0,0,1,1,lesson
2026-05-15T12:12:20.220097,student1,uk-es,32,0,4,0.6656,38220,1,0,lesson
2026-05-15T12:13:27.751505,student1,uk-es,32,0,7,0.9649,35820,1,1,lesson
2026-05-15T12:14:35.622081,student1,uk-es,32,0,8,1.0,1769,1,1,lesson
2026-05-15T12:15:24.193684,student1,uk-es,32,0,8,1.0,1307,1,1,lesson
2026-05-15T12:16:36.439008,student1,uk-en,11,81,3,1.0,5,1,1,lesson
2026-05-15T12:16:40.708149,student1,uk-en,11,82,3,1.0,5,1,1,lesson
2026-05-15T12:16:44.753623,student1,uk-en,11,83,3,1.0,0,1,1,lesson
2026-05-15T12:16:50.983386,student1,uk-en,11,84,3,1.0,0,1,1,lesson
2026-05-15T12:16:56.901619,student1,uk-en,11,85,3,1.0,3,1,1,lesson
2026-05-15T12:17:02.159534,student1,uk-en,11,86,3,1.0,4,1,1,lesson
2026-05-15T12:17:05.280614,student1,uk-en,11,87,3,1.0,7,1,1,lesson
2026-05-15T12:17:08.253658,student1,uk-en,11,88,3,1.0,7,1,1,lesson
2026-05-15T12:17:43.411625,student1,uk-en,11,0,7,1.0,21600,1,1,lesson
2026-05-15T12:18:27.023307,student1,uk-en,11,0,8,1.0,692,1,1,lesson
2026-05-15T12:19:13.075187,student1,uk-en,11,0,8,1.0,501,1,1,lesson
2026-05-15T12:20:04.618063,student1,uk-en,11,0,8,1.0,408,1,1,lesson
2026-05-15T12:22:45.190607,student1,en-ko,1,1,3,1.0,5,1,1,lesson
2026-05-15T12:22:51.873063,student1,en-ko,1,2,3,1.0,7,1,1,lesson
2026-05-15T12:22:55.597602,student1,en-ko,1,3,3,1.0,4,1,1,lesson
2026-05-15T12:22:58.574386,student1,en-ko,1,4,3,1.0,0,1,1,lesson
2026-05-15T12:23:06.054404,student1,en-ko,1,5,3,1.0,10,1,1,lesson
2026-05-15T12:23:09.720939,student1,en-ko,1,6,3,1.0,4,1,1,lesson
2026-05-15T12:23:16.034418,student1,en-ko,1,7,3,1.0,9,1,1,lesson
2026-05-15T12:23:19.205116,student1,en-ko,1,8,3,1.0,10,1,1,lesson
2026-05-15T12:24:14.542654,student1,en-ko,1,0,8,1.0,768,1,1,lesson
2026-05-15T12:24:47.942457,student1,en-ko,1,0,8,1.0,659,1,1,lesson
2026-05-15T12:25:58.876479,student1,en-uk,1,1,3,1.0,2,1,1,lesson
2026-05-15T12:26:02.809447,student1,en-uk,1,2,3,1.0,3,1,1,lesson
2026-05-15T12:26:07.685124,student1,en-uk,1,3,3,1.0,11,1,1,lesson
2026-05-15T12:26:10.250012,student1,en-uk,1,4,3,1.0,0,1,1,lesson
2026-05-15T12:26:13.268839,student1,en-uk,1,5,3,1.0,2,1,1,lesson
2026-05-15T12:26:15.820332,student1,en-uk,1,6,3,1.0,5,1,1,lesson
2026-05-15T12:26:21.560350,student1,en-uk,1,7,3,1.0,8,1,1,lesson
2026-05-15T12:26:24.134311,student1,en-uk,1,8,3,1.0,4,1,1,lesson
2026-05-15T14:26:18.819210,student1,en-reading,9,64,3,1.0,0,1,1,reading
2026-05-15T14:26:23.563582,student1,en-reading,9,65,3,1.0,0,1,1,reading
2026-05-15T14:26:26.692270,student1,en-reading,9,66,3,1.0,0,1,1,reading
2026-05-15T14:26:29.437891,student1,en-reading,9,67,3,1.0,0,1,1,reading
2026-05-15T14:26:32.157315,student1,en-reading,9,68,3,1.0,0,1,1,reading
2026-05-15T14:26:37.441428,student1,en-reading,9,69,3,1.0,0,1,1,reading
2026-05-15T14:26:41.365468,student1,en-reading,9,70,3,1.0,0,1,1,reading
2026-05-15T14:26:46.866463,student1,en-reading,9,71,3,1.0,0,1,1,reading
2026-05-15T19:58:33.925254,student1,en-reading,10,0,2,0.1579,8760,1,0,reading
2026-05-15T19:59:39.649830,student1,en-reading,10,0,2,0.521,8760,1,0,reading
2026-05-15T19:59:49.027714,student1,en-reading,10,72,3,1.0,0,1,1,reading
2026-05-15T19:59:52.008967,student1,en-reading,10,73,3,1.0,0,1,1,reading
2026-05-15T19:59:55.077735,student1,en-reading,10,74,3,1.0,0,1,1,reading
2026-05-15T20:00:06.527703,student1,en-reading,10,75,3,1.0,0,1,1,reading
2026-05-15T20:00:13.487839,student1,en-reading,10,76,3,1.0,0,1,1,reading
2026-05-15T20:00:24.227760,student1,en-reading,10,77,3,1.0,0,1,1,reading
2026-05-15T20:00:30.887617,student1,en-reading,10,78,3,1.0,0,1,1,reading
2026-05-15T20:00:34.722913,student1,en-reading,10,79,3,1.0,0,1,1,reading
2026-05-15T20:01:09.250881,student1,en-reading,10,0,5,0.6099,11280,1,0,reading
2026-05-15T20:33:58.045477,student1,en-uk-vocab,1,0,1,0.8659,21000,1,1,lesson
2026-05-15T20:35:00.042752,student1,en-uk-vocab,1,1,3,1.0,3,1,1,lesson
2026-05-15T20:35:04.651159,student1,en-uk-vocab,1,2,3,1.0,4,1,1,lesson
2026-05-15T20:35:10.462316,student1,en-uk-vocab,1,3,3,1.0,4,1,1,lesson
2026-05-15T20:35:19.606407,student1,en-uk-vocab,1,4,3,1.0,7,1,1,lesson
2026-05-15T20:35:28.734261,student1,en-uk-vocab,1,5,3,0.3158,0,1,0,lesson
2026-05-15T20:35:35.018986,student1,en-uk-vocab,1,6,3,1.0,9,1,1,lesson
2026-05-15T20:35:38.757329,student1,en-uk-vocab,1,7,3,1.0,3,1,1,lesson
2026-05-15T20:35:43.029095,student1,en-uk-vocab,1,8,3,1.0,6,1,1,lesson
2026-05-15T20:36:32.810719,student1,en-uk-vocab,1,0,7,0.7932,25500,1,0,lesson
2026-05-15T20:37:31.954131,student1,uk-es-vocab,1,0,1,0.9348,19800,1,1,lesson
2026-05-15T20:37:44.167241,student1,uk-es-vocab,1,1,3,1.0,0,1,1,lesson
2026-05-15T20:37:50.567440,student1,uk-es-vocab,1,2,3,1.0,0,1,1,lesson
2026-05-15T20:37:54.678714,student1,uk-es-vocab,1,3,3,1.0,2,1,1,lesson
2026-05-15T20:38:01.235408,student1,uk-es-vocab,1,4,3,1.0,6,1,1,lesson
2026-05-15T20:38:10.269433,student1,uk-es-vocab,1,5,3,0.2308,12,1,0,lesson
2026-05-15T20:38:20.993401,student1,uk-es-vocab,1,6,3,1.0,3,1,1,lesson
2026-05-15T20:38:31.217357,student1,uk-es-vocab,1,7,3,1.0,0,1,1,lesson
2026-05-15T20:38:37.399186,student1,uk-es-vocab,1,8,3,1.0,5,1,1,lesson
2026-05-15T20:39:41.057319,student1,uk-es-vocab,1,0,7,0.895,27180,1,1,lesson
2026-05-15T20:40:19.549678,student1,uk-es-vocab,1,0,8,1.0,1247,1,1,lesson
2026-05-15T21:05:14.484329,student1,uk-es-grammar,6,41,3,0.5263,3,1,0,lesson
2026-05-15T21:05:15.432260,student1,uk-es-grammar,6,42,3,0.4615,8,1,0,lesson
2026-05-15T21:05:16.823773,student1,uk-es-grammar,6,43,3,0.5789,0,1,0,lesson
2026-05-15T21:05:18.966456,student1,uk-es-grammar,6,44,3,0.45,12,1,0,lesson
2026-05-15T21:05:20.451668,student1,uk-es-grammar,6,45,3,0.5128,3,1,0,lesson
2026-05-15T21:05:21.634026,student1,uk-es-grammar,6,46,3,0.359,4,1,0,lesson
2026-05-15T21:05:23.742682,student1,uk-es-grammar,6,47,3,0.5,4,1,0,lesson
2026-05-15T21:05:25.285766,student1,uk-es-grammar,6,48,3,1.0,4,1,1,lesson
2026-05-15T21:06:13.368300,student1,uk-es-grammar,6,0,8,1.0,1677,1,1,lesson
2026-05-15T21:49:57.886172,student1,uk-en-grammar,1,1,3,0.7333,6,1,0,lesson
2026-05-15T21:49:59.502685,student1,uk-en-grammar,1,2,3,0.72,2,1,0,lesson
2026-05-15T21:50:01.952614,student1,uk-en-grammar,1,3,3,0.6,3,1,0,lesson
2026-05-15T21:51:49.851088,student1,uk-en-grammar,1,4,3,1.0,17,1,1,lesson
2026-05-15T21:51:51.749571,student1,uk-en-grammar,1,5,3,0.6429,3,1,0,lesson
2026-05-15T21:51:53.567370,student1,uk-en-grammar,1,6,3,0.32,4,1,0,lesson
2026-05-15T21:51:55.489354,student1,uk-en-grammar,1,7,3,0.72,3,1,0,lesson
2026-05-15T21:51:58.330677,student1,uk-en-grammar,1,8,3,0.4,5,1,0,lesson
2026-05-16T14:09:10.664817,student1,uk-en-grammar,2,9,3,1.0,0,1,1,lesson
2026-05-16T14:09:17.548339,student1,uk-en-grammar,2,10,3,1.0,5,1,1,lesson
2026-05-16T14:09:21.836066,student1,uk-en-grammar,2,11,3,1.0,4,1,1,lesson
2026-05-16T14:09:27.391746,student1,uk-en-grammar,2,12,3,1.0,0,1,1,lesson
2026-05-16T14:09:33.923450,student1,uk-en-grammar,2,13,3,1.0,2,1,1,lesson
2026-05-16T14:09:39.491680,student1,uk-en-grammar,2,14,3,1.0,0,1,1,lesson
2026-05-16T14:09:44.941407,student1,uk-en-grammar,2,15,3,1.0,4,1,1,lesson
2026-05-16T14:09:54.289234,student1,uk-en-grammar,2,16,3,1.0,4,1,1,lesson
2026-05-16T18:00:29.109476,student1,en-reading,11,0,2,0.4933,11520,1,0,reading
2026-05-16T18:00:50.059041,student1,en-reading,11,0,2,0.8551,13860,1,1,reading
2026-05-16T18:41:19.364529,student1,uk-en-grammar,2,0,8,1.0,2222,1,1,lesson
2026-05-16T19:50:27.241272,student1,uk-en-grammar,3,17,3,0.6471,0,1,0,lesson
2026-05-16T19:50:29.472367,student1,uk-en-grammar,3,18,3,1.0,2,1,1,lesson
2026-05-16T19:50:32.069230,student1,uk-en-grammar,3,19,3,0.7778,1,1,0,lesson
2026-05-16T19:50:33.905252,student1,uk-en-grammar,3,20,3,1.0,3,1,1,lesson
2026-05-16T19:50:35.903853,student1,uk-en-grammar,3,21,3,0.7778,7,1,0,lesson
2026-05-16T19:50:38.386127,student1,uk-en-grammar,3,22,3,0.5556,4,1,0,lesson
2026-05-16T19:50:40.753077,student1,uk-en-grammar,3,23,3,0.5556,3,1,0,lesson
2026-05-16T19:50:42.662017,student1,uk-en-grammar,3,24,3,0.5405,3,1,0,lesson
2026-05-18T16:50:31.453146,student1,uk-es-grammar,1,1,3,1.0,3,1,1,lesson
2026-05-18T16:50:40.941119,student1,uk-es-grammar,1,2,3,0.72,8,1,0,lesson
2026-05-18T16:50:45.828883,student1,uk-es-grammar,1,3,3,1.0,7,1,1,lesson
2026-05-18T16:50:58.682231,student1,uk-es-grammar,1,4,3,1.0,5,1,1,lesson
2026-05-18T16:52:15.203819,student1,uk-es-grammar,1,5,3,0.7143,4,1,0,lesson
2026-05-18T16:52:19.618289,student1,uk-es-grammar,1,6,3,1.0,2,1,1,lesson
2026-05-18T16:52:25.873004,student1,uk-es-grammar,1,7,3,1.0,4,1,1,lesson
2026-05-18T16:52:32.116660,student1,uk-es-grammar,1,8,3,1.0,3,1,1,lesson
2026-05-18T16:53:19.128515,student1,uk-es-grammar,1,0,8,1.0,3303,1,1,lesson
2026-05-18T16:53:25.196409,student1,uk-es-grammar,1,0,8,1.0,820,1,1,lesson
2026-05-18T16:55:40.446509,student1,uk-en-vocab,196,1,3,1.0,7,1,1,lesson
2026-05-19T10:28:33.210726,student1,uk-es-vocab,200,33,3,1.0,2,1,1,lesson
2026-05-19T10:28:40.965871,student1,uk-es-vocab,200,34,3,1.0,5,1,1,lesson
2026-05-19T10:28:44.559911,student1,uk-es-vocab,200,35,3,1.0,3,1,1,lesson
2026-05-19T10:28:52.344079,student1,uk-es-vocab,200,36,3,1.0,5,1,1,lesson
2026-05-19T10:28:56.843936,student1,uk-es-vocab,200,37,3,1.0,3,1,1,lesson
2026-05-19T10:29:03.725904,student1,uk-es-vocab,200,38,3,1.0,0,1,1,lesson
2026-05-19T10:29:10.165993,student1,uk-es-vocab,200,39,3,1.0,0,1,1,lesson
2026-05-19T10:29:18.357874,student1,uk-es-vocab,200,40,3,1.0,1,1,1,lesson
2026-05-19T10:32:27.792826,student1,uk-en-vocab,196,1,3,1.0,0,1,1,lesson
2026-05-19T10:32:36.437591,student1,uk-en-vocab,196,2,3,1.0,4,1,1,lesson
2026-05-19T10:32:40.653052,student1,uk-en-vocab,196,3,3,1.0,3,1,1,lesson
2026-05-19T10:32:47.108966,student1,uk-en-vocab,196,4,3,1.0,6,1,1,lesson
2026-05-19T10:32:53.393272,student1,uk-en-vocab,196,5,3,1.0,2,1,1,lesson
2026-05-19T10:33:07.518138,student1,uk-en-vocab,196,6,3,1.0,3,1,1,lesson
2026-05-19T10:33:11.774061,student1,uk-en-vocab,196,7,3,1.0,3,1,1,lesson
2026-05-19T10:33:20.555402,student1,uk-en-vocab,196,8,3,1.0,0,1,1,lesson
2026-05-19T10:36:37.844707,student1,uk-en-vocab,196,0,4,0.9807,21360,1,1,lesson
2026-05-19T10:38:16.733363,student1,uk-en-vocab,196,0,6,0.9391,25680,1,1,lesson
2026-05-19T10:38:50.100212,student1,uk-en-vocab,196,0,7,0.9922,21480,1,1,lesson
2026-05-19T10:39:22.050966,student1,uk-en-vocab,196,0,8,1.0,842,1,1,lesson
2026-05-19T10:59:20.371397,student1,uk-en-grammar,4,25,3,1.0,9,1,1,lesson
2026-05-19T10:59:25.963236,student1,uk-en-grammar,4,26,3,1.0,4,1,1,lesson
2026-05-19T10:59:30.242276,student1,uk-en-grammar,4,27,3,1.0,10,1,1,lesson
2026-05-19T10:59:35.691754,student1,uk-en-grammar,4,28,3,1.0,0,1,1,lesson
2026-05-19T10:59:41.941630,student1,uk-en-grammar,4,29,3,1.0,0,1,1,lesson
2026-05-19T10:59:45.565579,student1,uk-en-grammar,4,30,3,1.0,4,1,1,lesson
2026-05-19T10:59:49.976627,student1,uk-en-grammar,4,31,3,1.0,6,1,1,lesson
2026-05-19T10:59:53.751550,student1,uk-en-grammar,4,32,3,1.0,2,1,1,lesson
2026-05-19T11:02:24.736448,student1,uk-en-grammar,4,0,6,0.363,5580,1,0,lesson
2026-05-19T11:04:28.259241,student1,uk-en-grammar,4,0,8,1.0,721,1,1,lesson
2026-05-19T11:04:55.521846,student1,uk-en-grammar,4,0,8,1.0,485,1,1,lesson
2026-05-19T11:07:56.445486,student1,uk-en-vocab,53,33,3,1.0,8,1,1,lesson
2026-05-19T11:08:01.076589,student1,uk-en-vocab,53,34,3,1.0,4,1,1,lesson
2026-05-19T11:08:08.495371,student1,uk-en-vocab,53,35,3,1.0,7,1,1,lesson
2026-05-19T11:08:13.691452,student1,uk-en-vocab,53,36,3,1.0,3,1,1,lesson
2026-05-19T11:08:18.797453,student1,uk-en-vocab,53,37,3,1.0,3,1,1,lesson
2026-05-19T11:08:24.625725,student1,uk-en-vocab,53,38,3,1.0,9,1,1,lesson
2026-05-19T11:08:29.440583,student1,uk-en-vocab,53,39,3,1.0,4,1,1,lesson
2026-05-19T11:08:34.749127,student1,uk-en-vocab,53,40,3,1.0,3,1,1,lesson
2026-05-19T11:21:34.728951,student1,uk-en-vocab,54,41,3,1.0,4,1,1,lesson
2026-05-19T11:21:40.894792,student1,uk-en-vocab,54,42,3,1.0,6,1,1,lesson
2026-05-19T11:21:46.455816,student1,uk-en-vocab,54,43,3,1.0,0,1,1,lesson
2026-05-19T11:21:50.949571,student1,uk-en-vocab,54,44,3,1.0,4,1,1,lesson
2026-05-19T11:22:03.225521,student1,uk-en-vocab,54,45,3,1.0,0,1,1,lesson
2026-05-19T11:22:09.711265,student1,uk-en-vocab,54,46,3,1.0,2,1,1,lesson
2026-05-19T11:22:13.425709,student1,uk-en-vocab,54,47,3,1.0,9,1,1,lesson
2026-05-19T11:22:18.353529,student1,uk-en-vocab,54,48,3,1.0,3,1,1,lesson
2026-05-19T12:26:15.296481,student1,uk-en-grammar,5,33,3,1.0,2,1,1,lesson
2026-05-19T12:26:18.976979,student1,uk-en-grammar,5,34,3,1.0,5,1,1,lesson
2026-05-19T12:26:25.547051,student1,uk-en-grammar,5,35,3,1.0,0,1,1,lesson
2026-05-19T12:26:32.160342,student1,uk-en-grammar,5,36,3,1.0,0,1,1,lesson
2026-05-19T12:26:38.596629,student1,uk-en-grammar,5,37,3,1.0,0,1,1,lesson
2026-05-19T12:26:42.576990,student1,uk-en-grammar,5,38,3,1.0,0,1,1,lesson
2026-05-19T12:26:49.831210,student1,uk-en-grammar,5,39,3,1.0,4,1,1,lesson
2026-05-19T12:26:53.258898,student1,uk-en-grammar,5,40,3,1.0,9,1,1,lesson
2026-05-19T13:09:56.320927,student1,uk-en-grammar,5,0,4,0.9508,14100,1,1,lesson
2026-05-19T13:10:37.607560,student1,uk-en-grammar,5,0,7,0.9396,12960,1,1,lesson
2026-05-19T13:12:05.794409,student1,uk-en-grammar,5,0,8,1.0,527,1,1,lesson
2026-05-19T13:12:26.862227,student1,uk-en-grammar,5,0,8,1.0,448,1,1,lesson
2026-05-19T13:12:39.262526,student1,uk-en-grammar,5,0,8,1.0,946,1,1,lesson
2026-05-19T13:12:47.501341,student1,uk-en-grammar,5,0,8,1.0,388,1,1,lesson
2026-05-19T13:12:56.481312,student1,uk-en-grammar,5,0,8,1.0,432,1,1,lesson
2026-05-19T13:13:04.444306,student1,uk-en-grammar,5,0,8,1.0,463,1,1,lesson
2026-05-19T13:13:10.461365,student1,uk-en-grammar,5,0,8,1.0,516,1,1,lesson
2026-05-19T13:13:19.667363,student1,uk-en-grammar,5,0,8,1.0,542,1,1,lesson
2026-05-19T13:13:29.090186,student1,uk-en-grammar,5,0,8,1.0,528,1,1,lesson
2026-05-19T13:18:26.487378,student1,uk-en-vocab,54,0,4,0.9416,20220,1,1,lesson
2026-05-19T13:19:06.865874,student1,uk-en-vocab,54,0,7,0.8385,25560,1,1,lesson
2026-05-19T13:22:33.463573,student1,uk-es-vocab,9,0,7,0.7968,40860,1,0,lesson
2026-05-19T13:23:19.377519,student1,uk-es-vocab,9,0,8,1.0,1506,1,1,lesson
2026-05-20T14:45:07.503570,student1,uk-en-custom,1,1,3,1.0,3,1,1,lesson
2026-05-20T14:45:13.356233,student1,uk-en-custom,1,2,3,1.0,3,1,1,lesson
2026-05-20T14:45:17.952822,student1,uk-en-custom,1,3,3,1.0,0,1,1,lesson
2026-05-20T14:45:21.131527,student1,uk-en-custom,1,4,3,1.0,0,1,1,lesson
2026-05-20T14:45:23.741235,student1,uk-en-custom,1,5,3,1.0,9,1,1,lesson
2026-05-20T14:45:30.573341,student1,uk-en-custom,1,6,3,1.0,2,1,1,lesson
2026-05-20T14:45:34.804189,student1,uk-en-custom,1,7,3,1.0,3,1,1,lesson
2026-05-20T14:45:49.642809,student1,uk-en-custom,1,0,4,1.0,5160,1,1,lesson
2026-05-20T14:46:35.182344,student1,uk-en-custom,1,0,7,0.9574,6000,1,1,lesson
2026-05-20T14:46:52.262275,student1,uk-en-custom,1,0,8,1.0,687,1,1,lesson
2026-05-20T20:16:24.907786,student1,uk-en-grammar,6,41,3,1.0,0,1,1,lesson
2026-05-20T20:16:33.948891,student1,uk-en-grammar,6,42,3,1.0,6,1,1,lesson
2026-05-20T20:16:39.081886,student1,uk-en-grammar,6,43,3,1.0,5,1,1,lesson
2026-05-20T20:16:44.285925,student1,uk-en-grammar,6,44,3,1.0,2,1,1,lesson
2026-05-20T20:18:03.097286,student1,uk-en-grammar,6,0,7,0.9174,13140,1,1,lesson
2026-05-20T20:20:03.773287,student1,uk-en-grammar,6,0,8,1.0,858,1,1,lesson
2026-05-20T20:20:23.348316,student1,uk-en-grammar,6,0,8,1.0,764,1,1,lesson
2026-05-20T20:20:45.488317,student1,uk-en-grammar,6,0,8,1.0,404,1,1,lesson
2026-05-20T20:21:00.831280,student1,uk-en-grammar,6,0,8,1.0,401,1,1,lesson
2026-05-21T08:30:49.319904,student1,uk-en-grammar,6,41,3,1.0,5,1,1,lesson
2026-05-21T08:42:48.380544,student1,en-reading,14,104,3,1.0,0,1,1,reading
2026-05-21T08:42:55.041498,student1,en-reading,14,105,3,1.0,0,1,1,reading
2026-05-21T10:13:36.149767,student1,uk-es-grammar,26,200,3,1.0,4,1,1,lesson
2026-05-21T18:23:20.358110,student1,uk-en-custom,1,1,3,1.0,9,1,1,lesson
2026-05-21T18:23:23.388072,student1,uk-en-custom,1,2,3,1.0,0,1,1,lesson
2026-05-21T18:23:27.148098,student1,uk-en-custom,1,3,3,1.0,0,1,1,lesson
2026-05-22T11:01:00.854050,student1,ko-reading,25,0,2,0.1538,5160,1,0,reading
2026-05-22T15:10:28.747192,student1,ko-reading,3,0,2,0.0,3780,1,0,reading
2026-05-22T15:10:34.652267,student1,ko-reading,3,11,3,0.0,0,1,0,reading
2026-05-22T15:10:39.450770,student1,ko-reading,3,12,3,0.0,0,1,0,reading
2026-05-22T15:10:41.990620,student1,ko-reading,3,13,3,1.0,0,1,1,reading
2026-05-22T15:10:43.930167,student1,ko-reading,3,14,3,1.0,0,1,1,reading
2026-05-22T15:11:09.135056,student1,ko-reading,3,0,5,0.2857,4740,1,0,reading
2026-05-23T16:39:21.269881,student1,uk-en-vocab,4,0,6,0.8699,29100,1,1,lesson
2026-05-23T16:40:58.407806,student1,uk-en-vocab,4,0,8,1.0,845,1,1,lesson
2026-05-23T16:42:38.472013,student1,uk-es-grammar,35,0,4,0.9225,22080,1,1,lesson
2026-05-24T18:15:14.092825,student1,es-en-grammar,13,0,7,0.9333,27000,1,1,lesson
2026-05-24T18:15:44.985226,student1,es-en-grammar,13,0,8,1.0,1016,1,1,lesson
2026-05-24T18:30:19.973755,student1,en-uk-grammar,1,0,7,0.9358,9120,1,1,lesson
2026-05-24T19:46:44.496904,student1,uk-es-grammar,35,0,7,0.9264,41460,1,1,lesson
2026-05-24T19:47:08.077465,student1,uk-es-grammar,35,0,8,1.0,571,1,1,lesson
2026-05-24T19:54:40.312594,student1,ko-reading,1,0,2,0.1875,6840,1,0,reading
2026-05-24T19:54:42.178203,student1,ko-reading,1,0,2,0.4348,6840,1,0,reading
2026-05-24T19:54:50.320229,student1,ko-reading,1,1,3,1.0,0,1,1,reading
2026-05-24T19:54:52.505463,student1,ko-reading,1,2,3,1.0,0,1,1,reading
2026-05-24T19:54:56.442517,student1,ko-reading,1,3,3,1.0,0,1,1,reading
2026-05-24T19:54:59.668731,student1,ko-reading,1,4,3,1.0,0,1,1,reading
2026-05-24T19:55:02.581834,student1,ko-reading,1,5,3,1.0,0,1,1,reading
2026-05-24T19:55:04.716085,student1,ko-reading,1,6,3,1.0,0,1,1,reading
2026-05-24T20:04:23.486038,student1,uk-en-vocab,4,25,3,1.0,5,1,1,lesson
2026-05-24T20:04:30.541734,student1,uk-en-vocab,4,26,3,1.0,3,1,1,lesson
2026-05-24T20:04:39.493187,student1,uk-en-vocab,4,27,3,1.0,4,1,1,lesson
2026-05-24T20:04:48.068148,student1,uk-en-vocab,4,28,3,1.0,2,1,1,lesson
2026-05-24T20:04:54.499918,student1,uk-en-vocab,4,29,3,1.0,3,1,1,lesson
2026-05-24T20:05:01.399290,student1,uk-en-vocab,4,30,3,1.0,4,1,1,lesson
2026-05-24T20:05:12.463254,student1,uk-en-vocab,4,31,3,1.0,3,1,1,lesson
2026-05-24T20:05:17.324969,student1,uk-en-vocab,4,32,3,1.0,4,1,1,lesson
2026-05-24T20:27:18.457225,student1,uk-en-vocab,6,0,7,0.0,780,1,0,lesson
2026-05-24T20:33:09.472594,student1,uk-en-vocab,6,0,7,0.0,1020,1,0,lesson
2026-05-28T00:39:19.463167,student1,uk-es-grammar,9,0,8,1.0,1154,1,1,lesson
2026-05-28T10:39:41.921026,student1,en-reading,1,0,5,0.1481,4019,1,0,reading
